team,group,mean_pts,mean_gd,r16,qf,sf,finals,champ,date
Argentina,C,6.372,3.3005,0.8633,0.5278,0.3389,0.183,0.1069,2022-11-19
Australia,D,2.6584,-2.343,0.2111,0.0546,0.0154,0.0029,0.001,2022-11-19
Belgium,F,6.1781,3.1377,0.8334,0.5038,0.3055,0.1798,0.0969,2022-11-19
Brazil,G,6.848,4.2446,0.9122,0.6551,0.42,0.2756,0.1748,2022-11-19
Cameroon,G,1.9129,-3.4875,0.1324,0.0302,0.0039,0.001,2e-4,2022-11-19
Canada,F,2.3044,-2.9611,0.1912,0.0412,0.0103,0.0023,4e-4,2022-11-19
Costa Rica,E,2.4128,-2.5683,0.1777,0.0456,0.0123,0.0036,7e-4,2022-11-19
Croatia,F,4.5314,0.5757,0.596,0.261,0.1117,0.0491,0.0192,2022-11-19
Denmark,D,5.4516,1.9807,0.771,0.4355,0.242,0.114,0.0523,2022-11-19
Ecuador,A,4.0439,-0.157,0.5014,0.2188,0.074,0.0213,0.0065,2022-11-19
England,B,5.5454,1.9568,0.7669,0.4842,0.2643,0.132,0.0642,2022-11-19
France,D,6.2264,3.2285,0.8583,0.5516,0.3507,0.1922,0.1052,2022-11-19
Germany,E,5.8438,2.58,0.8138,0.4709,0.2547,0.1419,0.071,2022-11-19
Ghana,H,2.4399,-2.3434,0.2034,0.044,0.0074,0.0022,5e-4,2022-11-19
Iran,B,3.9518,-0.0743,0.4887,0.224,0.0903,0.0299,0.0106,2022-11-19
Japan,E,2.4907,-2.7158,0.188,0.052,0.0145,0.0035,5e-4,2022-11-19
Mexico,C,3.8273,-0.3735,0.437,0.1482,0.0592,0.0173,0.0047,2022-11-19
Morocco,F,3.5369,-0.7523,0.3794,0.1318,0.0478,0.0164,0.005,2022-11-19
Netherlands,A,6.0865,2.9404,0.822,0.5123,0.2684,0.1255,0.0589,2022-11-19
Poland,C,4.466,0.5475,0.5685,0.2225,0.1003,0.034,0.0115,2022-11-19
Portugal,H,5.7377,2.3252,0.7929,0.4426,0.2241,0.121,0.0577,2022-11-19
Qatar,A,2.3889,-2.6342,0.2022,0.0529,0.0129,0.0019,3e-4,2022-11-19
Saudi Arabia,C,1.92,-3.4745,0.1312,0.0228,0.0034,5e-4,2e-4,2022-11-19
Senegal,A,3.9539,-0.1492,0.4744,0.1977,0.0688,0.0222,0.0069,2022-11-19
Serbia,G,3.4225,-1.2714,0.3574,0.1276,0.035,0.0094,0.0026,2022-11-19
South Korea,H,3.0309,-1.3973,0.2946,0.076,0.0177,0.0047,7e-4,2022-11-19
Spain,E,5.9126,2.7041,0.8205,0.49370000000000003,0.2755,0.1589,0.0807,2022-11-19
Switzerland,G,4.5171,0.5143,0.598,0.2861,0.1093,0.0463,0.0167,2022-11-19
Tunisia,D,2.2849,-2.8662,0.1596,0.037,0.01,0.0015,3e-4,2022-11-19
United States,B,2.9103,-1.5618,0.3003,0.1095,0.0305,0.0071,0.0015,2022-11-19
Uruguay,H,5.1513,1.4155,0.7091,0.3384,0.1503,0.0742,0.0331,2022-11-19
Wales,B,3.7609,-0.3207,0.4441,0.2006,0.0709,0.0248,0.0083,2022-11-19
Argentina,C,6.3955,3.3437,0.8659,0.5213,0.338,0.1872,0.1086,2022-11-20
Australia,D,2.6076,-2.3627,0.2098,0.0578,0.0166,0.0028,8e-4,2022-11-20
Belgium,F,6.1756,3.1536,0.8356,0.4981,0.3002,0.1766,0.0953,2022-11-20
Brazil,G,6.8414,4.2527,0.9119,0.6516,0.4139,0.2608,0.1665,2022-11-20
Cameroon,G,1.9288,-3.5069,0.1384,0.0353,0.0044,9e-4,2e-4,2022-11-20
Canada,F,2.3038,-2.9409,0.1861,0.0426,0.0106,0.002,5e-4,2022-11-20
Costa Rica,E,2.3995,-2.562,0.1796,0.0444,0.0116,0.0026,0.0011,2022-11-20
Croatia,F,4.5179,0.5275,0.5883,0.2479,0.1071,0.0463,0.0187,2022-11-20
Denmark,D,5.4634,1.9717,0.768,0.4306,0.248,0.1192,0.0511,2022-11-20
Ecuador,A,5.2335,1.2055,0.6792,0.2851,0.0954,0.027,0.0083,2022-11-20
England,B,5.5266,1.9444,0.7686,0.4852,0.2615,0.1339,0.0715,2022-11-20
France,D,6.2151,3.2041,0.8564,0.5511,0.3478,0.1952,0.1071,2022-11-20
Germany,E,5.8416,2.6031,0.8086,0.4814,0.2633,0.1463,0.0737,2022-11-20
Ghana,H,2.4169,-2.3646,0.201,0.0414,0.0079,0.0016,7e-4,2022-11-20
Iran,B,3.9226,-0.107,0.4841,0.2272,0.0873,0.031,0.0103,2022-11-20
Japan,E,2.4981,-2.7814,0.1883,0.05,0.0146,0.0041,0.001,2022-11-20
Mexico,C,3.829,-0.3703,0.4364,0.1541,0.0601,0.0196,0.0053,2022-11-20
Morocco,F,3.5613,-0.7402,0.39,0.1338,0.0477,0.0191,0.0062,2022-11-20
Netherlands,A,6.0241,2.9196,0.8096,0.4946,0.2546,0.1213,0.0566,2022-11-20
Poland,C,4.4456,0.5085,0.5697,0.224,0.1,0.0361,0.0119,2022-11-20
Portugal,H,5.7389,2.2792,0.7895,0.4343,0.2201,0.1165,0.053900000000000003,2022-11-20
Qatar,A,1.4765,-3.9643,0.0561,0.0158,0.0036,3e-4,1e-4,2022-11-20
Saudi Arabia,C,1.9291,-3.4819,0.128,0.0215,0.0043,9e-4,1e-4,2022-11-20
Senegal,A,3.978,-0.1608,0.4551,0.1898,0.066,0.0224,0.0079,2022-11-20
Serbia,G,3.4328,-1.2645,0.3619,0.1299,0.0336,0.0106,0.0024,2022-11-20
South Korea,H,3.0205,-1.3998,0.2914,0.0782,0.0202,0.0054,7e-4,2022-11-20
Spain,E,5.925,2.7403,0.8235,0.5018,0.2815,0.1565,0.0824,2022-11-20
Switzerland,G,4.4985,0.5187,0.5878,0.2803,0.1061,0.0409,0.0147,2022-11-20
Tunisia,D,2.3376,-2.8131,0.1658,0.0396,0.0117,0.0025,3e-4,2022-11-20
United States,B,2.9473,-1.5102,0.3021,0.1053,0.0316,0.0084,0.0024,2022-11-20
Uruguay,H,5.1824,1.4852,0.7181,0.349,0.1572,0.0774,0.0318,2022-11-20
Wales,B,3.7588,-0.3272,0.4452,0.197,0.0735,0.0246,0.0079,2022-11-20
Argentina,C,6.4204,3.3354,0.8637,0.5281,0.3317,0.1793,0.1011,2022-11-21
Australia,D,2.6521,-2.3374,0.21560000000000001,0.0618,0.0175,0.0028,6e-4,2022-11-21
Belgium,F,6.2177,3.2274,0.8408,0.5049,0.3023,0.177,0.0992,2022-11-21
Brazil,G,6.8538,4.2657,0.9108,0.6541,0.4224,0.2758,0.1717,2022-11-21
Cameroon,G,1.9,-3.5365,0.1303,0.0301,0.003,5e-4,0,2022-11-21
Canada,F,2.3073,-2.9843,0.1953,0.0392,0.0091,0.0015,4e-4,2022-11-21
Costa Rica,E,2.3879,-2.5795,0.1825,0.0477,0.0142,0.0029,8e-4,2022-11-21
Croatia,F,4.494,0.5107,0.5794,0.2468,0.1079,0.0446,0.0157,2022-11-21
Denmark,D,5.468,1.988,0.767,0.429,0.2347,0.1139,0.0508,2022-11-21
Ecuador,A,5.2635,1.2331,0.7417,0.2843,0.0979,0.0307,0.0098,2022-11-21
England,B,6.8393,5.5012,0.9281,0.5963,0.3173,0.1635,0.0809,2022-11-21
France,D,6.1958,3.2336,0.855,0.5522,0.3475,0.1858,0.0988,2022-11-21
Germany,E,5.8281,2.5748,0.8081,0.481,0.2636,0.1428,0.0735,2022-11-21
Ghana,H,2.4688,-2.3138,0.2112,0.047,0.0082,0.0027,6e-4,2022-11-21
Iran,B,2.9733,-3.6165,0.365,0.1523,0.0588,0.0233,0.0081,2022-11-21
Japan,E,2.513,-2.7459,0.1925,0.0538,0.0143,0.0041,0.001,2022-11-21
Mexico,C,3.869,-0.3254,0.4444,0.1529,0.0579,0.0163,0.0047,2022-11-21
Morocco,F,3.5441,-0.7538,0.3845,0.1297,0.0482,0.0168,0.0052,2022-11-21
Netherlands,A,7.2065,4.2752,0.9582,0.5938,0.3053,0.1434,0.0695,2022-11-21
Poland,C,4.4151,0.4664,0.5602,0.2174,0.0927,0.034,0.0096,2022-11-21
Portugal,H,5.7609,2.3453,0.7944,0.4358,0.2189,0.1151,0.0528,2022-11-21
Qatar,A,1.4774,-3.9296,0.047,0.0112,0.003,3e-4,0,2022-11-21
Saudi Arabia,C,1.889,-3.4764,0.1317,0.02,0.0033,2e-4,0,2022-11-21
Senegal,A,3.0339,-1.5787,0.2531,0.0909,0.033,0.0105,0.004,2022-11-21
Serbia,G,3.4046,-1.3055,0.357,0.1242,0.0345,0.0096,0.0027,2022-11-21
South Korea,H,3.0059,-1.4202,0.283,0.0773,0.0182,0.0055,0.0013,2022-11-21
Spain,E,5.944,2.7506,0.8169,0.4969,0.2731,0.1542,0.0834,2022-11-21
Switzerland,G,4.5535,0.5763,0.6019,0.287,0.11,0.042,0.014,2022-11-21
Tunisia,D,2.2885,-2.8842,0.1624,0.0386,0.0091,0.0024,6e-4,2022-11-21
United States,B,2.7732,-1.2825,0.3127,0.1018,0.0275,0.0062,0.0014,2022-11-21
Uruguay,H,5.1408,1.3887,0.7114,0.3445,0.1521,0.0715,0.0307,2022-11-21
Wales,B,3.2005,-0.6022,0.3942,0.1694,0.0628,0.0208,0.0071,2022-11-21
Argentina,C,3.9765,0.7024,0.556,0.3304,0.207,0.1141,0.0615,2022-11-22
Australia,D,2.141,-3.9,0.1629,0.0633,0.0186,0.0031,6e-4,2022-11-22
Belgium,F,6.2158,3.18,0.8409,0.509,0.3098,0.1816,0.099,2022-11-22
Brazil,G,6.855,4.2836,0.9157,0.658,0.4199,0.2715,0.1678,2022-11-22
Cameroon,G,1.8651,-3.5974,0.1301,0.03,0.0058,0.0015,4e-4,2022-11-22
Canada,F,2.3191,-2.9749,0.1933,0.041,0.0079,0.0023,5e-4,2022-11-22
Costa Rica,E,2.3923,-2.5797,0.1827,0.0482,0.0126,0.0032,7e-4,2022-11-22
Croatia,F,4.5383,0.5989,0.5932,0.2434,0.1038,0.0455,0.0168,2022-11-22
Denmark,D,4.2893,0.8235,0.6755,0.4351,0.2413,0.1147,0.0515,2022-11-22
Ecuador,A,5.2338,1.2209,0.7373,0.2777,0.101,0.029,0.009,2022-11-22
England,B,6.85,5.5211,0.926,0.6025,0.3133,0.1611,0.0828,2022-11-22
France,D,6.8818,4.7544,0.9318,0.6407,0.3977,0.2215,0.1216,2022-11-22
Germany,E,5.7914,2.571,0.8015,0.4818,0.264,0.145,0.0739,2022-11-22
Ghana,H,2.478,-2.2992,0.2141,0.0456,0.0075,0.0013,2e-4,2022-11-22
Iran,B,2.9716,-3.6405,0.3601,0.1521,0.0671,0.0234,0.0086,2022-11-22
Japan,E,2.5455,-2.708,0.1988,0.0562,0.0156,0.0041,6e-4,2022-11-22
Mexico,C,3.6158,-0.1672,0.4355,0.1474,0.0529,0.0145,0.0041,2022-11-22
Morocco,F,3.4781,-0.804,0.3726,0.1243,0.0409,0.0149,0.0044,2022-11-22
Netherlands,A,7.2245,4.2804,0.9585,0.6012,0.3367,0.1559,0.0778,2022-11-22
Poland,C,3.8812,0.2552,0.5066,0.1942,0.0831,0.0264,0.009,2022-11-22
Portugal,H,5.7193,2.2907,0.7928,0.4375,0.2147,0.1112,0.0526,2022-11-22
Qatar,A,1.486,-3.9214,0.0486,0.0122,0.0037,9e-4,1e-4,2022-11-22
Saudi Arabia,C,4.5613,-0.7904,0.5019,0.1051,0.0259,0.0034,0.001,2022-11-22
Senegal,A,3.0308,-1.5799,0.2556,0.0936,0.0346,0.0119,0.0032,2022-11-22
Serbia,G,3.4286,-1.2879,0.3537,0.1243,0.034,0.0103,0.0026,2022-11-22
South Korea,H,3.0191,-1.3911,0.2932,0.0775,0.0175,0.0057,0.0015,2022-11-22
Spain,E,5.9317,2.7167,0.817,0.4961,0.2842,0.1689,0.0883,2022-11-22
Switzerland,G,4.5562,0.6017,0.6005,0.2777,0.108,0.0465,0.0179,2022-11-22
Tunisia,D,2.7273,-1.6779,0.2298,0.0838,0.0194,0.0032,5e-4,2022-11-22
United States,B,2.7751,-1.3058,0.3129,0.0968,0.0313,0.0074,0.0017,2022-11-22
Uruguay,H,5.1298,1.3996,0.6999,0.3494,0.1538,0.0728,0.0314,2022-11-22
Wales,B,3.2064,-0.5748,0.401,0.1639,0.0664,0.0232,0.0084,2022-11-22
Argentina,C,3.9471,0.6673,0.5508,0.3266,0.2025,0.1116,0.0631,2022-11-23
Australia,D,2.1403,-3.8802,0.1699,0.0707,0.0191,0.0026,4e-4,2022-11-23
Belgium,F,6.7784,2.4653,0.8945,0.6041,0.3721,0.2163,0.1197,2022-11-23
Brazil,G,6.8421,4.238,0.9091,0.6482,0.4213,0.2789,0.1681,2022-11-23
Cameroon,G,1.8787,-3.5182,0.1287,0.0297,0.0051,0.0015,2e-4,2022-11-23
Canada,F,1.8403,-2.3232,0.1588,0.0338,0.0084,0.0023,6e-4,2022-11-23
Costa Rica,E,1.8452,-8.3255,0.0855,0.0192,0.0057,8e-4,4e-4,2022-11-23
Croatia,F,3.9309,0.2617,0.5544,0.2534,0.1092,0.0463,0.0167,2022-11-23
Denmark,D,4.2832,0.8113,0.6713,0.4249,0.2344,0.1108,0.0525,2022-11-23
Ecuador,A,5.2267,1.2016,0.7399,0.2935,0.1032,0.031,0.0097,2022-11-23
England,B,6.8329,5.5139,0.9223,0.6012,0.3204,0.1681,0.0853,2022-11-23
France,D,6.895,4.7722,0.9347,0.6421,0.3965,0.2193,0.1247,2022-11-23
Germany,E,3.5627,0.1911,0.3547,0.2049,0.112,0.0607,0.0302,2022-11-23
Ghana,H,2.4777,-2.3096,0.2122,0.0487,0.0095,0.0029,0.001,2022-11-23
Iran,B,2.9562,-3.6434,0.3582,0.1473,0.0692,0.0231,0.0074,2022-11-23
Japan,E,4.9614,-0.3343,0.6501,0.1673,0.0451,0.0113,0.0022,2022-11-23
Mexico,C,3.6308,-0.1398,0.441,0.1575,0.0575,0.0156,0.0038,2022-11-23
Morocco,F,3.4544,-0.4038,0.3923,0.1426,0.0547,0.0207,0.0069,2022-11-23
Netherlands,A,7.2267,4.2934,0.9578,0.5983,0.3414,0.1636,0.0786,2022-11-23
Poland,C,3.9042,0.2837,0.5117,0.1992,0.0832,0.027,0.0083,2022-11-23
Portugal,H,5.7443,2.3099,0.7946,0.4383,0.2212,0.1156,0.0531,2022-11-23
Qatar,A,1.4942,-3.913,0.0446,0.0099,0.002,8e-4,0,2022-11-23
Saudi Arabia,C,4.5372,-0.8112,0.4965,0.1025,0.0188,0.0029,9e-4,2022-11-23
Senegal,A,3.0369,-1.582,0.2577,0.0943,0.0369,0.0126,0.0037,2022-11-23
Serbia,G,3.4618,-1.2603,0.3662,0.131,0.0344,0.0102,0.0033,2022-11-23
South Korea,H,3.017,-1.4112,0.2914,0.0822,0.0232,0.0067,0.0015,2022-11-23
Spain,E,6.6927,8.4687,0.9097,0.5747,0.315,0.1867,0.1018,2022-11-23
Switzerland,G,4.532,0.5405,0.596,0.2815,0.1088,0.045,0.0169,2022-11-23
Tunisia,D,2.6967,-1.7033,0.2241,0.0765,0.0197,0.0037,6e-4,2022-11-23
United States,B,2.7884,-1.2957,0.3181,0.094,0.0296,0.0081,0.0023,2022-11-23
Uruguay,H,5.1328,1.4109,0.7018,0.3404,0.1543,0.0689,0.0286,2022-11-23
Wales,B,3.2134,-0.5748,0.4014,0.1615,0.0656,0.0244,0.0075,2022-11-23
Argentina,C,3.989,0.7303,0.5505,0.3255,0.2057,0.1114,0.0597,2022-11-24
Australia,D,2.139,-3.9356,0.1683,0.0663,0.0186,0.0042,7e-4,2022-11-24
Belgium,F,6.8159,2.5775,0.8956,0.6135,0.3629,0.2091,0.1108,2022-11-24
Brazil,G,7.5602,4.8373,0.9809,0.7066,0.4568,0.3012,0.1872,2022-11-24
Cameroon,G,1.1677,-3.6541,0.033,0.0053,5e-4,1e-4,0,2022-11-24
Canada,F,1.8371,-2.3695,0.1607,0.0378,0.0081,0.0018,3e-4,2022-11-24
Costa Rica,E,1.8318,-8.3608,0.0844,0.0186,0.0048,0.0013,3e-4,2022-11-24
Croatia,F,3.9595,0.2501,0.5661,0.2588,0.1074,0.0498,0.0188,2022-11-24
Denmark,D,4.3072,0.8734,0.678,0.4351,0.2371,0.1072,0.0502,2022-11-24
Ecuador,A,5.2471,1.1865,0.7427,0.2841,0.0956,0.0278,0.008,2022-11-24
England,B,6.8394,5.554,0.9238,0.5946,0.319,0.1636,0.0817,2022-11-24
France,D,6.8983,4.7968,0.9374,0.6446,0.403,0.2169,0.1161,2022-11-24
Germany,E,3.5999,0.23,0.3598,0.2088,0.1103,0.061,0.0309,2022-11-24
Ghana,H,1.8772,-2.17,0.1548,0.0234,0.0042,0.0014,2e-4,2022-11-24
Iran,B,2.9649,-3.636,0.3613,0.1537,0.0655,0.0221,0.0088,2022-11-24
Japan,E,4.9511,-0.401,0.6445,0.1541,0.0343,0.0099,0.0021,2022-11-24
Mexico,C,3.6248,-0.147,0.4446,0.1514,0.0601,0.0165,0.0047,2022-11-24
Morocco,F,3.4232,-0.4581,0.3776,0.1407,0.0466,0.019,0.0066,2022-11-24
Netherlands,A,7.2662,4.3765,0.9569,0.5999,0.3401,0.1565,0.0805,2022-11-24
Poland,C,3.9048,0.2853,0.5164,0.2025,0.0857,0.0299,0.0106,2022-11-24
Portugal,H,6.579,2.1842,0.8959,0.508,0.2633,0.1346,0.0635,2022-11-24
Qatar,A,1.4732,-3.9764,0.045,0.0113,0.0024,2e-4,1e-4,2022-11-24
Saudi Arabia,C,4.534,-0.8686,0.4885,0.0955,0.0198,0.0035,1e-4,2022-11-24
Senegal,A,3.01,-1.5866,0.2554,0.0961,0.0318,0.0108,0.003,2022-11-24
Serbia,G,2.9436,-1.7401,0.2687,0.0841,0.025,0.0064,0.0018,2022-11-24
South Korea,H,3.1633,-0.7958,0.3153,0.0741,0.0193,0.0063,0.0015,2022-11-24
Spain,E,6.691,8.5318,0.9113,0.5677,0.3011,0.1763,0.0944,2022-11-24
Switzerland,G,5.4574,0.5569,0.7174,0.3164,0.1277,0.0564,0.0198,2022-11-24
Tunisia,D,2.6984,-1.7346,0.2163,0.0791,0.02,0.0042,0.0011,2022-11-24
United States,B,2.7955,-1.3133,0.3213,0.098,0.0304,0.006,0.0019,2022-11-24
Uruguay,H,4.2887,0.7816,0.634,0.2821,0.1277,0.0614,0.0263,2022-11-24
Wales,B,3.211,-0.6047,0.3936,0.1623,0.0652,0.0232,0.0083,2022-11-24
Argentina,C,3.808,0.4994,0.5104,0.2956,0.1768,0.0922,0.0496,2022-11-25
Australia,D,2.0698,-4.0422,0.143,0.0533,0.0152,0.0021,5e-4,2022-11-25
Belgium,F,6.7881,2.4631,0.8969,0.5896,0.3625,0.2058,0.1091,2022-11-25
Brazil,G,7.5518,4.7411,0.9819,0.7103,0.4487,0.2954,0.1833,2022-11-25
Cameroon,G,1.1834,-3.5674,0.0407,0.01,0.0018,6e-4,2e-4,2022-11-25
Canada,F,1.8568,-2.2875,0.1529,0.0305,0.0058,0.0017,3e-4,2022-11-25
Costa Rica,E,1.6209,-8.7707,0.0515,0.009,0.0018,2e-4,1e-4,2022-11-25
Croatia,F,3.903,0.213,0.5658,0.2498,0.1037,0.0448,0.0167,2022-11-25
Denmark,D,4.2774,0.8502,0.6878,0.4395,0.2352,0.1114,0.0531,2022-11-25
Ecuador,A,5.4154,2.0735,0.6833,0.2787,0.1005,0.0293,0.0071,2022-11-25
England,B,5.7932,4.5821,0.9984,0.6277,0.3469,0.1727,0.0872,2022-11-25
France,D,6.9312,4.8033,0.9422,0.6741,0.4153,0.231,0.1298,2022-11-25
Germany,E,3.5897,0.2848,0.3971,0.2087,0.1185,0.0633,0.0314,2022-11-25
Ghana,H,1.8754,-2.1422,0.1579,0.029,0.0051,0.0011,2e-4,2022-11-25
Iran,B,4.4945,-1.8119,0.6319,0.2389,0.0894,0.0258,0.007,2022-11-25
Japan,E,5.0966,-0.1976,0.6192,0.1579,0.0448,0.0109,0.0018,2022-11-25
Mexico,C,3.5753,-0.2045,0.4278,0.1412,0.0511,0.0136,0.004,2022-11-25
Morocco,F,3.4227,-0.3886,0.3844,0.141,0.0479,0.0168,0.0055,2022-11-25
Netherlands,A,6.3653,3.5585,0.9786,0.605,0.3513,0.1716,0.0859,2022-11-25
Poland,C,3.9564,0.3451,0.519,0.2086,0.0911,0.0315,0.01,2022-11-25
Portugal,H,6.532,2.0859,0.8861,0.4851,0.2408,0.1203,0.0548,2022-11-25
Qatar,A,0.4603,-5.5585,0,0,0,0,0,2022-11-25
Saudi Arabia,C,4.6487,-0.64,0.5428,0.1087,0.0224,0.0033,3e-4,2022-11-25
Senegal,A,4.2924,-0.0735,0.3381,0.1297,0.0463,0.0157,0.0046,2022-11-25
Serbia,G,2.9145,-1.7849,0.2484,0.0801,0.0223,0.006,0.0013,2022-11-25
South Korea,H,3.229,-0.6759,0.3346,0.0804,0.0206,0.0058,0.0011,2022-11-25
Spain,E,6.8143,8.6835,0.9322,0.6135,0.3352,0.2069,0.1105,2022-11-25
Switzerland,G,5.4627,0.6112,0.729,0.3413,0.1304,0.0542,0.0201,2022-11-25
Tunisia,D,2.7654,-1.6113,0.227,0.079,0.0183,0.0029,5e-4,2022-11-25
United States,B,3.2101,-0.1881,0.3049,0.0949,0.03,0.0067,0.0014,2022-11-25
Uruguay,H,4.2588,0.7322,0.6214,0.2638,0.1101,0.0528,0.0219,2022-11-25
Wales,B,1.9223,-2.5821,0.0648,0.0251,0.0102,0.0036,7e-4,2022-11-25
Argentina,C,4.8674,1.7079,0.7329,0.4484,0.2698,0.1378,0.0707,2022-11-26
Australia,D,3.6341,-3.1099,0.3392,0.082,0.02,0.0033,4e-4,2022-11-26
Belgium,F,6.7767,2.4692,0.901,0.5951,0.3609,0.2074,0.1127,2022-11-26
Brazil,G,7.5207,4.7045,0.9822,0.709,0.4507,0.2929,0.1858,2022-11-26
Cameroon,G,1.2173,-3.523,0.0392,0.008,0.0018,0,0,2022-11-26
Canada,F,1.813,-2.3321,0.1498,0.0295,0.0055,0.0016,2e-4,2022-11-26
Costa Rica,E,1.6319,-8.7548,0.0513,0.0089,0.0022,2e-4,0,2022-11-26
Croatia,F,3.9321,0.2384,0.5639,0.2563,0.1043,0.0457,0.0162,2022-11-26
Denmark,D,3.1413,0.1099,0.6307,0.3459,0.1868,0.0834,0.0402,2022-11-26
Ecuador,A,5.4024,2.0729,0.6876,0.2795,0.0943,0.0297,0.0077,2022-11-26
England,B,5.7976,4.5957,0.9987,0.6268,0.3325,0.169,0.0847,2022-11-26
France,D,8.3461,5.4897,1,0.7155,0.4389,0.2526,0.1328,2022-11-26
Germany,E,3.5459,0.2404,0.3926,0.2006,0.1114,0.0566,0.0268,2022-11-26
Ghana,H,1.8682,-2.1517,0.1554,0.0239,0.0051,0.0014,2e-4,2022-11-26
Iran,B,4.4805,-1.8257,0.6259,0.2385,0.0848,0.0235,0.0067,2022-11-26
Japan,E,5.0917,-0.233,0.6262,0.1608,0.0429,0.0106,0.002,2022-11-26
Mexico,C,2.8376,-1.3583,0.2346,0.0599,0.0204,0.0057,0.0016,2022-11-26
Morocco,F,3.4533,-0.3755,0.3853,0.1416,0.0497,0.0196,0.007,2022-11-26
Netherlands,A,6.3695,3.5848,0.9804,0.6065,0.3347,0.1638,0.0823,2022-11-26
Poland,C,4.8774,1.2921,0.7467,0.296,0.1249,0.0372,0.0108,2022-11-26
Portugal,H,6.5087,2.0441,0.887,0.4889,0.2404,0.1207,0.0563,2022-11-26
Qatar,A,0.4603,-5.5848,0,0,0,0,0,2022-11-26
Saudi Arabia,C,3.904,-1.6417,0.2858,0.0453,0.0097,0.0021,2e-4,2022-11-26
Senegal,A,4.2926,-0.0729,0.332,0.1265,0.0433,0.0142,0.0039,2022-11-26
Serbia,G,2.9043,-1.8113,0.2512,0.0837,0.0249,0.0054,0.0016,2022-11-26
South Korea,H,3.2354,-0.6716,0.3307,0.0819,0.0226,0.0062,0.0011,2022-11-26
Spain,E,6.8335,8.7474,0.9299,0.6072,0.3276,0.1945,0.1061,2022-11-26
Switzerland,G,5.4643,0.6298,0.7274,0.3401,0.1357,0.0515,0.0184,2022-11-26
Tunisia,D,1.4696,-2.4897,0.0301,0.007,0.0022,4e-4,1e-4,2022-11-26
United States,B,3.2258,-0.1743,0.3107,0.0977,0.0275,0.0072,0.0016,2022-11-26
Uruguay,H,4.2813,0.7792,0.6269,0.2645,0.1143,0.052,0.0209,2022-11-26
Wales,B,1.9189,-2.5957,0.0647,0.0245,0.0102,0.0038,0.001,2022-11-26
Argentina,C,4.8618,1.6771,0.7284,0.444,0.2726,0.1456,0.0781,2022-11-27
Australia,D,3.6463,-3.1197,0.3385,0.085,0.0223,0.0042,9e-4,2022-11-27
Belgium,F,4.8335,-0.3122,0.5365,0.3222,0.1861,0.106,0.0597,2022-11-27
Brazil,G,7.5113,4.721,0.982,0.7059,0.4402,0.2883,0.1785,2022-11-27
Cameroon,G,1.2151,-3.5085,0.0411,0.0083,0.0013,1e-4,0,2022-11-27
Canada,F,1.0417,-4.3823,0,0,0,0,0,2022-11-27
Costa Rica,E,3.4954,-7.4797,0.2353,0.0582,0.0145,0.0026,5e-4,2022-11-27
Croatia,F,4.9383,2.3122,0.5724,0.2445,0.1093,0.0476,0.0174,2022-11-27
Denmark,D,3.1376,0.1197,0.6322,0.3397,0.1887,0.0872,0.0427,2022-11-27
Ecuador,A,5.4118,2.076,0.687,0.2746,0.0923,0.0304,0.0083,2022-11-27
England,B,5.81,4.5939,0.9989,0.6206,0.3245,0.1698,0.0845,2022-11-27
France,D,8.351,5.5067,1,0.7169,0.4404,0.2564,0.1407,2022-11-27
Germany,E,3.3263,0.4797,0.6129,0.3615,0.208,0.1061,0.0547,2022-11-27
Ghana,H,1.853,-2.1563,0.161,0.0253,0.0061,0.0013,2e-4,2022-11-27
Iran,B,4.4824,-1.8212,0.6314,0.2329,0.0763,0.0201,0.0058,2022-11-27
Japan,E,3.5104,-1.518,0.164,0.0525,0.0123,0.0038,5e-4,2022-11-27
Mexico,C,2.8347,-1.3486,0.2271,0.0535,0.0197,0.007,0.0021,2022-11-27
Morocco,F,5.6528,2.3823,0.8911,0.313,0.1166,0.0432,0.0161,2022-11-27
Netherlands,A,6.3826,3.582,0.9825,0.6229,0.3468,0.1615,0.0771,2022-11-27
Poland,C,4.8745,1.3229,0.7563,0.3103,0.1285,0.0433,0.0126,2022-11-27
Portugal,H,6.5216,2.0837,0.8904,0.4836,0.2471,0.1265,0.0567,2022-11-27
Qatar,A,0.4518,-5.582,0,0,0,0,0,2022-11-27
Saudi Arabia,C,3.9008,-1.6514,0.2882,0.0431,0.0085,7e-4,1e-4,2022-11-27
Senegal,A,4.2846,-0.076,0.3305,0.1271,0.0411,0.0109,0.0031,2022-11-27
Serbia,G,2.9066,-1.8125,0.2518,0.0824,0.0237,0.0063,0.0016,2022-11-27
South Korea,H,3.2288,-0.6736,0.3227,0.0801,0.0212,0.0055,0.0011,2022-11-27
Spain,E,6.3131,8.518,0.9878,0.6481,0.3491,0.2079,0.113,2022-11-27
Switzerland,G,5.4831,0.6,0.7251,0.3368,0.1358,0.0503,0.0166,2022-11-27
Tunisia,D,1.4727,-2.5067,0.0293,0.0075,0.0023,0,0,2022-11-27
United States,B,3.2202,-0.1788,0.3076,0.0966,0.0259,0.006,0.0014,2022-11-27
Uruguay,H,4.2562,0.7462,0.6259,0.2776,0.1287,0.0593,0.0253,2022-11-27
Wales,B,1.9061,-2.5939,0.0621,0.0253,0.0101,0.0021,7e-4,2022-11-27
Argentina,C,4.856,1.6687,0.7233,0.448,0.275,0.1364,0.0724,2022-11-28
Australia,D,3.6683,-3.0469,0.3536,0.0928,0.0274,0.0052,9e-4,2022-11-28
Belgium,F,4.7908,-0.3949,0.5215,0.2913,0.1558,0.0885,0.046,2022-11-28
Brazil,G,8.5329,4.8584,1,0.774,0.4894,0.324,0.2065,2022-11-28
Cameroon,G,1.3192,-2.8584,0.0225,0.0031,9e-4,0,0,2022-11-28
Canada,F,0.8717,-4.6265,0,0,0,0,0,2022-11-28
Costa Rica,E,3.5023,-7.4629,0.2387,0.0589,0.0118,0.0018,5e-4,2022-11-28
Croatia,F,4.9799,2.3949,0.5602,0.2463,0.1029,0.0445,0.0165,2022-11-28
Denmark,D,3.1056,0.0469,0.6165,0.3275,0.1835,0.0751,0.0355,2022-11-28
Ecuador,A,5.38,2.0392,0.67490000000000006,0.2712,0.0935,0.0297,0.009,2022-11-28
England,B,5.8579,4.6566,0.9981,0.619,0.3141,0.1648,0.0817,2022-11-28
France,D,8.3263,5.4623,1,0.7199,0.4441,0.2625,0.1379,2022-11-28
Germany,E,3.3092,0.4629,0.6103,0.3622,0.2111,0.1087,0.0517,2022-11-28
Ghana,H,3.75,-0.8581,0.4084,0.0523,0.0093,0.0022,3e-4,2022-11-28
Iran,B,4.4997,-1.7901,0.6438,0.2497,0.0846,0.0245,0.0064,2022-11-28
Japan,E,3.5047,-1.5133,0.1623,0.0489,0.0108,0.0031,4e-4,2022-11-28
Mexico,C,2.8319,-1.3672,0.2299,0.0568,0.0214,0.0061,0.0015,2022-11-28
Morocco,F,5.8386,2.6265,0.9183,0.3636,0.139,0.0577,0.0219,2022-11-28
Netherlands,A,6.3938,3.6677,0.9808,0.6046,0.3259,0.1512,0.0748,2022-11-28
Poland,C,4.8906,1.3313,0.7574,0.3085,0.1353,0.0456,0.0163,2022-11-28
Portugal,H,8.0785,3.9863,1,0.6536,0.3496,0.1663,0.0747,2022-11-28
Qatar,A,0.4429,-5.6677,0,0,0,0,0,2022-11-28
Saudi Arabia,C,3.9061,-1.6328,0.2894,0.0384,0.0099,0.0015,1e-4,2022-11-28
Senegal,A,4.3227,-0.0392,0.3443,0.137,0.0465,0.017,0.0054,2022-11-28
Serbia,G,2.0135,-2.5668,0.2508,0.0623,0.0171,0.0033,9e-4,2022-11-28
South Korea,H,1.6742,-1.9863,0.08,0.0142,0.0031,0.001,4e-4,2022-11-28
Spain,E,6.3185,8.5133,0.9887,0.6288,0.3113,0.189,0.1058,2022-11-28
Switzerland,G,4.7587,0.5668,0.7267,0.2812,0.1171,0.0471,0.0146,2022-11-28
Tunisia,D,1.4849,-2.4623,0.0299,0.0081,0.002,3e-4,1e-4,2022-11-28
United States,B,3.191,-0.2099,0.2939,0.0946,0.0278,0.0066,0.0017,2022-11-28
Uruguay,H,2.9989,-1.1419,0.5116,0.1593,0.0708,0.0331,0.015,2022-11-28
Wales,B,1.8661,-2.6566,0.0642,0.0239,0.009,0.0032,0.0011,2022-11-28
Argentina,C,4.843,1.6686,0.7225,0.4453,0.2613,0.1319,0.0741,2022-11-29
Australia,D,3.6907,-3.0373,0.361,0.0966,0.0255,0.004,0.0011,2022-11-29
Belgium,F,4.7647,-0.4235,0.5127,0.2912,0.1539,0.0831,0.0431,2022-11-29
Brazil,G,8.524,4.8268,1,0.7768,0.4872,0.3201,0.2048,2022-11-29
Cameroon,G,1.3229,-2.8268,0.0238,0.0032,4e-4,0,0,2022-11-29
Canada,F,0.8678,-4.6334,0,0,0,0,0,2022-11-29
Costa Rica,E,3.4931,-7.4508,0.2318,0.0565,0.0119,0.0026,4e-4,2022-11-29
Croatia,F,5.0051,2.4235,0.5667,0.2527,0.1076,0.045,0.0177,2022-11-29
Denmark,D,3.0839,0.0373,0.6111,0.3258,0.1756,0.0732,0.0347,2022-11-29
Ecuador,A,4,1,0,0,0,0,0,2022-11-29
England,B,7,7,1,0.6754,0.3428,0.1847,0.0882,2022-11-29
France,D,8.3321,5.4734,1,0.7189,0.4327,0.2647,0.1383,2022-11-29
Germany,E,3.3207,0.4508,0.6135,0.3587,0.2036,0.104,0.049,2022-11-29
Ghana,H,3.737,-0.8787,0.4014,0.0542,0.0113,0.0026,3e-4,2022-11-29
Iran,B,3,-3,0,0,0,0,0,2022-11-29
Japan,E,3.5038,-1.5203,0.1671,0.0526,0.0129,0.0038,3e-4,2022-11-29
Mexico,C,2.8065,-1.3891,0.2229,0.0572,0.0191,0.0053,0.0014,2022-11-29
Morocco,F,5.8425,2.6334,0.9206,0.3633,0.1386,0.0562,0.0197,2022-11-29
Netherlands,A,7,4,1,0.7536,0.4196,0.1796,0.0866,2022-11-29
Poland,C,4.8941,1.3314,0.7629,0.30620000000000003,0.1299,0.046,0.0148,2022-11-29
Portugal,H,8.0926,4.0151,1,0.6453,0.3453,0.1658,0.0742,2022-11-29
Qatar,A,0,-6,0,0,0,0,0,2022-11-29
Saudi Arabia,C,3.9212,-1.6109,0.2917,0.0423,0.0084,0.0011,1e-4,2022-11-29
Senegal,A,6,1,1,0.3246,0.1051,0.036,0.0111,2022-11-29
Serbia,G,2.0309,-2.5366,0.2546,0.0674,0.0195,0.0048,8e-4,2022-11-29
South Korea,H,1.6625,-2.0151,0.0742,0.0119,0.0028,0.001,4e-4,2022-11-29
Spain,E,6.3194,8.5203,0.9876,0.625,0.319,0.1923,0.1062,2022-11-29
Switzerland,G,4.732,0.5366,0.7216,0.2837,0.121,0.0456,0.0152,2022-11-29
Tunisia,D,1.4817,-2.4734,0.0279,0.0077,0.0019,4e-4,0,2022-11-29
United States,B,5,1,1,0.2464,0.0781,0.0151,0.0041,2022-11-29
Uruguay,H,3.0159,-1.1213,0.5244,0.1575,0.065,0.0311,0.0134,2022-11-29
Wales,B,1,-5,0,0,0,0,0,2022-11-29
Argentina,C,6,3,1,0.8189,0.4995,0.2462,0.1326,2022-11-30
Australia,D,6,-1,1,0.1811,0.0482,0.0087,0.0021,2022-11-30
Belgium,F,4.7504,-0.436,0.5058,0.2829,0.1543,0.0867,0.0452,2022-11-30
Brazil,G,8.52,4.8329,1,0.7864,0.4954,0.3066,0.1921,2022-11-30
Cameroon,G,1.3279,-2.8329,0.0227,0.0041,9e-4,2e-4,0,2022-11-30
Canada,F,0.8984,-4.5967,0,0,0,0,0,2022-11-30
Costa Rica,E,3.4853,-7.4714,0.2333,0.0594,0.0141,0.0027,4e-4,2022-11-30
Croatia,F,5.0139,2.436,0.5807,0.2569,0.1074,0.045,0.0144,2022-11-30
Denmark,D,1,-2,0,0,0,0,0,2022-11-30
Ecuador,A,4,1,0,0,0,0,0,2022-11-30
England,B,7,7,1,0.6782,0.3601,0.1938,0.0938,2022-11-30
France,D,6,3,1,0.705,0.4144,0.2371,0.1207,2022-11-30
Germany,E,3.3291,0.4714,0.6099,0.3545,0.2031,0.1083,0.0493,2022-11-30
Ghana,H,3.7519,-0.8794,0.4137,0.0476,0.0076,9e-4,2e-4,2022-11-30
Iran,B,3,-3,0,0,0,0,0,2022-11-30
Japan,E,3.524,-1.4967,0.1691,0.0513,0.0109,0.0023,3e-4,2022-11-30
Mexico,C,4,-1,0,0,0,0,0,2022-11-30
Morocco,F,5.8158,2.5967,0.9135,0.3714,0.1443,0.0572,0.021,2022-11-30
Netherlands,A,7,4,1,0.7611,0.3843,0.17,0.0877,2022-11-30
Poland,C,4,0,1,0.295,0.1149,0.0443,0.0149,2022-11-30
Portugal,H,8.0941,4.0099,1,0.641,0.3459,0.1766,0.0812,2022-11-30
Qatar,A,0,-6,0,0,0,0,0,2022-11-30
Saudi Arabia,C,3,-2,0,0,0,0,0,2022-11-30
Senegal,A,6,1,1,0.3218,0.1106,0.0418,0.0129,2022-11-30
Serbia,G,2.0238,-2.5491,0.2533,0.0668,0.0217,0.0051,0.001,2022-11-30
South Korea,H,1.6661,-2.0099,0.0752,0.0124,0.0038,0.001,4e-4,2022-11-30
Spain,E,6.3042,8.4967,0.9877,0.6236,0.3114,0.1762,0.099,2022-11-30
Switzerland,G,4.7414,0.5491,0.724,0.287,0.1164,0.0467,0.0162,2022-11-30
Tunisia,D,4,0,0,0,0,0,0,2022-11-30
United States,B,5,1,1,0.2389,0.068,0.0139,0.0031,2022-11-30
Uruguay,H,2.9897,-1.1206,0.5111,0.1547,0.0628,0.0287,0.0115,2022-11-30
Wales,B,1,-5,0,0,0,0,0,2022-11-30
Argentina,C,6,3,1,0.8192,0.4929,0.2601,0.142,2022-12-01
Australia,D,6,-1,1,0.1808,0.047,0.0095,0.002,2022-12-01
Belgium,F,4,-1,0,0,0,0,0,2022-12-01
Brazil,G,8.5248,4.8299,1,0.7778,0.585,0.3669,0.2305,2022-12-01
Cameroon,G,1.3261,-2.8299,0.0252,0.003,3e-4,2e-4,1e-4,2022-12-01
Canada,F,0,-5,0,0,0,0,0,2022-12-01
Costa Rica,E,3,-8,0,0,0,0,0,2022-12-01
Croatia,F,5,3,1,0.7103,0.2474,0.1034,0.0391,2022-12-01
Denmark,D,1,-2,0,0,0,0,0,2022-12-01
Ecuador,A,4,1,0,0,0,0,0,2022-12-01
England,B,7,7,1,0.6785,0.3511,0.1869,0.09,2022-12-01
France,D,6,3,1,0.7048,0.4198,0.2349,0.1241,2022-12-01
Germany,E,4,1,0,0,0,0,0,2022-12-01
Ghana,H,3.7622,-0.86240000000000006,0.4133,0.0491,0.0146,0.0031,5e-4,2022-12-01
Iran,B,3,-3,0,0,0,0,0,2022-12-01
Japan,E,6,1,1,0.2897,0.0596,0.0145,0.0029,2022-12-01
Mexico,C,4,-1,0,0,0,0,0,2022-12-01
Morocco,F,7,3,1,0.3202,0.1387,0.0582,0.0188,2022-12-01
Netherlands,A,7,4,1,0.7662,0.3947,0.1863,0.0921,2022-12-01
Poland,C,4,0,1,0.2952,0.1213,0.0411,0.0142,2022-12-01
Portugal,H,8.1059,4.0224,1,0.6375,0.3105,0.1553,0.0693,2022-12-01
Qatar,A,0,-6,0,0,0,0,0,2022-12-01
Saudi Arabia,C,3,-2,0,0,0,0,0,2022-12-01
Senegal,A,6,1,1,0.3215,0.10780000000000001,0.0371,0.011,2022-12-01
Serbia,G,2.0231,-2.5406,0.2511,0.0684,0.0159,0.0032,0.001,2022-12-01
South Korea,H,1.6623000000000001,-2.0224,0.0755,0.0127,0.0033,9e-4,1e-4,2022-12-01
Spain,E,4,6,1,0.6798,0.421,0.2361,0.1228,2022-12-01
Switzerland,G,4.7422,0.5406,0.7237,0.2907,0.114,0.0471,0.0179,2022-12-01
Tunisia,D,4,0,0,0,0,0,0,2022-12-01
United States,B,5,1,1,0.2338,0.0654,0.0176,0.0054,2022-12-01
Uruguay,H,2.9841,-1.1376,0.5112,0.1608,0.0897,0.0376,0.0162,2022-12-01
Wales,B,1,-5,0,0,0,0,0,2022-12-01
Argentina,C,6,3,1,0.8013,0.4846,0.2712,0.1522,2022-12-02
Australia,D,6,-1,1,0.1987,0.0549,0.0123,0.0025,2022-12-02
Belgium,F,4,-1,0,0,0,0,0,2022-12-02
Brazil,G,6,2,1,0.8209,0.6121,0.3737,0.2346,2022-12-02
Cameroon,G,4,0,0,0,0,0,0,2022-12-02
Canada,F,0,-5,0,0,0,0,0,2022-12-02
Costa Rica,E,3,-8,0,0,0,0,0,2022-12-02
Croatia,F,5,3,1,0.6862,0.2514,0.101,0.0412,2022-12-02
Denmark,D,1,-2,0,0,0,0,0,2022-12-02
Ecuador,A,4,1,0,0,0,0,0,2022-12-02
England,B,7,7,1,0.6698,0.3628,0.2002,0.094,2022-12-02
France,D,6,3,1,0.6919,0.3927,0.2311,0.1203,2022-12-02
Germany,E,4,1,0,0,0,0,0,2022-12-02
Ghana,H,3,-2,0,0,0,0,0,2022-12-02
Iran,B,3,-3,0,0,0,0,0,2022-12-02
Japan,E,6,1,1,0.3138,0.073,0.0176,0.0055,2022-12-02
Mexico,C,4,-1,0,0,0,0,0,2022-12-02
Morocco,F,7,3,1,0.3533,0.1575,0.0649,0.0241,2022-12-02
Netherlands,A,7,4,1,0.7467,0.3879,0.1872,0.0964,2022-12-02
Poland,C,4,0,1,0.3081,0.1201,0.043,0.0152,2022-12-02
Portugal,H,6,2,1,0.6092,0.2974,0.1433,0.0641,2022-12-02
Qatar,A,0,-6,0,0,0,0,0,2022-12-02
Saudi Arabia,C,3,-2,0,0,0,0,0,2022-12-02
Senegal,A,6,1,1,0.3302,0.1244,0.0443,0.0148,2022-12-02
Serbia,G,1,-3,0,0,0,0,0,2022-12-02
South Korea,H,4,0,1,0.1791,0.0635,0.0167,0.004,2022-12-02
Spain,E,4,6,1,0.6467,0.3924,0.2141,0.1064,2022-12-02
Switzerland,G,6,1,1,0.3908,0.1527,0.0591,0.0196,2022-12-02
Tunisia,D,4,0,0,0,0,0,0,2022-12-02
United States,B,5,1,1,0.2533,0.0726,0.0203,0.0051,2022-12-02
Uruguay,H,4,0,0,0,0,0,0,2022-12-02
Wales,B,1,-5,0,0,0,0,0,2022-12-02
